day,parasite
0.7293198315,0.2986350619
1.686522884,0.3134745794
3.717988019,0.5831670035
5.797461383,0.8328874453
7.804143048,0.8775398882
9.805992716,0.912983648
11.84197811,0.574642649
13.87157279,0.4227365707
15.86796698,0.3782552099
17.88711831,0.2253375153
19.91671299,0.1984776168
21.90858693,0.1318522743
23.93366135,0.03162044556
25.93769321,0.0001933972205