day,parasite
0.003117417531,0.3148487626
0.9634378881,0.3208016449
2.976198517,0.4145465355
4.955291037,0.5412961082
6.980988949,0.60659945
8.993437836,0.5872693041
11.00838066,0.4280724354
13.03158464,0.2179676468
15.04153959,0.1675799539
17.05741764,0.1071890406
19.05770859,0.06840240791
21.08060083,0.06390616097
23.09429668,0.03348031808
25.10721318,0.0274828449