day,parasite
0.3547621151,0.314263045
1.34080128,0.2998921439
3.37850125,0.3920831112
5.376142404,0.5226559885
7.443301969,0.676243135
9.357708075,0.8458376207
11.43281705,0.872020629
13.44838336,0.6795011343
15.43776336,0.5633661034
17.44148348,0.4606275492
19.49757621,0.3112133196
21.52140367,0.283074024
23.53743759,0.1495853117
25.54443099,0.04746414093